{
  "build_graph.py": 1778323318.6661828,
  "AGENTS.md": 1778232902.1693566
}